Title,Inclusion
Simulated gastrointestinal digestion of polylactic acid (PLA) biodegradable microplastics and their interaction with the gut microbiota,0
Polylactic Acid Microplastics Do Not Exhibit Lower Biological Toxicity in Growing Mice Compared to Polyvinyl Chloride Microplastics,1
EFFECTS OF POLYLACTIC ACID MICROCAPSULES CONTAINING PROSTAGLANDIN E-2 ON THE SURVIVAL RATES OF GRADE II COMA GALACTOSAMINE INDUCED FULMINANT HEPATIC FAILURE RATS,0
Polylactic acid micro/nanoplastic-induced hepatotoxicity: Investigating food and air sources via multi-omics,1
Influence of three membrane types on healing of bone defects,0
"Attachment, proliferation and differentiation of periodontal ligament cells on various guided tissue regeneration membranes",0
Chemical Composition and Toxicity of Particles Emitted from a Consumer-Level 3D Printer Using Various Materials,0
End-to-end anastomosis between tissue-engineered intestine and native small bowel,0
PLA plastic particles disrupt bile acid metabolism leading to hepatic inflammatory injury in male mice,1
"Tissue reactions to biodegradable and non-degradable membranes placed transcutaneously in rats, observed longitudinally over a period of 4 weeks",0
Influence of the polymer type of a microplastic challenge on the reaction of murine cells,0
Adipose-Derived Stem Cells Based on Electrospun Biomimetic Scaffold Mediated Endothelial Differentiation Facilitating Regeneration and Repair of Abdominal Wall Defects via HIF-1α/VEGF Pathway,0
Biomaterials and strategies for repairing spinal cord lesions,0
The effect of four types of artificial nerve graft structures on the repair of 10-mm rat sciatic nerve gap,0
Reconstruction of Abdominal Wall Defect with Composite Scaffold of 3D Printed ADM/PLA in a Rat Model,0
Intraperitoneal adhesions-An ongoing challenge between biomedical engineering and the life sciences,0
Enhanced antitumor effects by docetaxel/LL37-loaded thermosensitive hydrogel nanoparticles in peritoneal carcinomatosis of colorectal cancer,0
Fat on plastic: Metabolic consequences of an LDPE diet in the fat body of the greater wax moth larvae (Galleria mellonella),0
"Training Methods and Models for Colonoscopic Insertion, Endoscopic Mucosal Resection, and Endoscopic Submucosal Dissection",0
Microplastic-induced inhibition of cell adhesion and toxicity evaluation using human dermal fibroblast-derived spheroids,0
Point: From animal models to prevention of colon cancer. Systematic review of chemoprevention in min mice and choice of the model system.,0
Consideration of Gut Microbiome in Murine Models of Diseases,0
Laparoscopy for the Treatment of Congenital Hernia: Use of Surgical Meshes and Mesenchymal Stem Cells in a Clinically Relevant Animal Model,0
Parotid gland dysfunction in a murine model of acute graft versus host disease (aGVDH),0
A new animal model of reversible acute pancreatitis,0
Nanoplastics cause transgenerational toxicity through inhibiting germline microRNA mir-38 in C. elegans,0
Developments in the field of intestinal toxicity and signaling pathways associated with rodent exposure to micro(nano)plastics,1
Noninvasive Imaging of Experimental Lung Fibrosis,0
Dysregulation of G protein-coupled receptors in the intestine by nanoplastic exposure in Caenorhabditis elegans,0
Copper-induced hepatitis: the COMMD1 deficient dog as a translational animal model for human chronic hepatitis,0
Transgenerational impacts of micro(nano)plastics in the aquatic and terrestrial environment,0
Establishment of a Novel Model of Peritoneal Carcinomatosis of the Peritoneal Extension Type,0
A new technique of one-stage total hepatectomy in the rat,0
The immune theory of psychiatric diseases: a key role for activated microglia and circulating monocytes,0
"Current fluid biomarkers, animal models, and imaging tools for diagnosing chronic traumatic encephalopathy",0
Is mesh fixation necessary in abdominal hernia repair?: Results of an experimental study in the rat,0
Fecal microbiota in client-owned obese dogs changes after weight loss with a high-fiber-high-protein diet,0
A new approach to explore the correlation between declarative memory and anxiety in animal models of schizophrenia and microplastic pollution,0
Adverse multigeneration combined impacts of micro(nano)plastics and emerging pollutants in the aquatic environment,0
Activation of FGF signal in germline mediates transgenerational toxicity of polystyrene nanoparticles at predicted environmental concentrations in Caenorhabditis elegans,0
"Micro- and nano-plastics, intestinal inflammation, and inflammatory bowel disease: A review of the literature",1
Size-dependent transgenerational toxicity induced by nanoplastics in nematode Caenorhabditis elegans,0
Parotid gland dysfunction in an animal model of chronic graft-vs-host disease,0
New technique for inducing reversible obstructive jaundice in the rat,0
Labelling and Tracking of Human Mesenchymal Stromal Cells in Preclinical Studies and Large Animal Models of Degenerative Diseases,0
Pretreatment tumor-related leukocytosis misleads positron emission tomography-computed tomography during lymph node staging in gynecological malignancies,0
Uptake and ingestion are the main pathways for microplastics to enter marine benthos: A review,0
Early life stress perturbs the function of microglia in the developing rodent brain: New insights and future challenges,0
GASTRIC ADAPTIVE CHANGES FOLLOWING EXPERIMENTAL GASTROPLASTY,0
COMPARISON OF PROSTHETIC MATERIALS FOR ABDOMINAL WALL RECONSTRUCTION IN THE PRESENCE OF CONTAMINATION AND INFECTION,0
Microbiome and food allergy,0
A new technique for feeding dogs with a congenital cleft palate for surgical research,0
INJECTION OF MICROSPHERES INTO PANCREATIC ARTERIES CAUSES ACUTE HEMORRHAGIC PANCREATITIS IN THE RAT A NEW ANIMAL MODEL,0
Effects of polystyrene nanoplastic size on zebrafish embryo development,0
Confocal Surface-Enhanced Raman Imaging of the Intestinal Barrier Crossing Behavior of Model Nanoplastics in Daphnia Magna,0
Statin prevents plaque disruption in apoE-knockout mouse model through pleiotropic effect on acute inflammation,0
Future basic science directions into mechanisms of neuropathic pain,0
Anionic nanoplastic exposure induces endothelial leakiness,0
The effect of anticoagulation with subcutaneously delivered polyethylene glycol conjugated hirudin and recombinant tissue plasminogen activator on recurrent stenosis in the rabbit double-balloon injury model,0
Drug discovery for Alzheimer's disease - The end of the beginning,0
Effect of microalgae treated with natural toxins on the nutrition and development of filter-feeding sea-urchin larvae,0
Fucoidan from Cladosiphon okamuranus enhances antioxidant activity and prevents reproductive dysfunction in polystyrene microplastic-induced male rats,1
Effects of physical barriers in prevention of adhesions: An incisional hernia model in rats,0
Leukotrienes in acetylcholine-induced contraction of esophageal circular smooth muscle in experimental esophagitis,0
Biological utilization of insect infested wheat stored in different storage structures,0
CECAL AND FECAL BACTERIAL FLORA OF THE MONGOLIAN GERBIL AND THE CHINCHILLA,0
Pathophysiologic evaluation of the transgenic CFTR gut-corrected porcine model of cystic fibrosis,0
Alterations of the mucin components in bile duct epithelium associated with proliferating cholangitis: An experimental study,0
A Multi-Mode Shock Tube for Investigation of Blast-Induced Traumatic Brain Injury,0
A NEW REPRODUCIBLE MODEL OF HEPATIC AND PERITONEAL METASTASES FROM COLONIC CARCINOMA,0
Autophagic response of intestinal epithelial cells exposed to polystyrene nanoplastics,1
High grade prostatic intraepithelial neoplasia in military working dogs with and without prostate cancer,0
In vivo micro-CT imaging of liver lesions in small animal models,0
Non-Invasive Imaging Modalities in Intravesical Murine Models of Bladder Cancer,0
Hepatic regeneration following radiation-induced liver injury is associated with increased hepatobiliary secretion measured by PET in Gottingen minipigs,0
"Lung injury in the microembolic model of acute pancreatitis and amelioration by lexipafant (BB-882), a platelet-activating factor antagonist",0
Impact of microplastics on the intestinal microbiota: A systematic review of preclinical evidence,1
Molecular Imaging of the Pancreas in Small Animal Models,0
Effect of chronic exposure to nanopolystyrene on nematode Caenorhabditis elegans,0
[Acute appendicitis. Model experimental in rabbits],0
Longitudinal PET/CT evaluation of TNBS-induced inflammatory bowel disease rat model,0
Realistic polyethylene terephthalate nanoplastics and the size- and surface coating-dependent toxicological impacts on zebrafish embryos,0
Effects of Vitamin D Analog on Bladder Function and Sensory Signaling in Animal Models of Cystitis,0
"Ingestion of polyethylene microbeads affects the growth and reproduction of medaka, Oryzias latipes",0
Total parenteral nutrition adversely affects gut barrier function in neonatal piglets.,0
Endotoxin temporarily impairs canine colonic absorption of water and sodium,0
Increased Prevalence of Bisphosphonate-Related Osteonecrosis of the Jaw with Vitamin D Deficiency in Rats,0
[Zoonotic disease risk from laboratory animal to man: Global aspects and prevalence of rodlents and lagomorphs pathogens],0
"Canine Exposure to Herbicide-treated Lawns and Urinary Excretion of 2,4-Dichlorophenoxyacetic Acid",0
Sentinel supervised lung-on-a-chip: A new environmental toxicology platform for nanoplastic-induced lung injury,0
Design of a temporally and spatially controlled drug delivery system for the treatment of liver diseases in mice,0
"Time dependent variations in biomechanical properties of cadaveric fascia, porcine dermis, porcine small intestine submucosa, polypropylene mesh and autologous fascia in the rabbit model: Implications for sling surgery",0
Raman Microspectroscopy evidence of microplastics in human semen,0
"Continuous oral exposure to micro- and nanoplastics induced gut microbiota dysbiosis, intestinal barrier and immune dysfunction in adult mice",1
A Primary Role for Nucleus Accumbens and Related Limbic Network in Vocal Tics,0
Cytotoxicity and pro-inflammatory effect of polystyrene nano-plastic and micro-plastic on RAW264.7 cells,0
Modeling a Superorganism - Considerations Regarding the Use of Dirty Mice in Biomedical Research,0
Functional impact of lymphangiogenesis on fluid transport after lymph node excision.,0
Impact of 40 Hz Transcranial Alternating Current Stimulation on Cerebral Tau Burden in Patients with Alzheimer's Disease: A Case Series,0
Bridging the Gaps between Microplastics and Human Health,1
Long-Chain Acyl Carnitines Aggravate Polystyrene Nanoplastics-Induced Atherosclerosis by Upregulating MARCO,1
Prenatal and postnatal exposure to polystyrene microplastics induces testis developmental disorder and affects male fertility in mice,1
Underestimated health risks: polystyrene micro- and nanoplastics jointly induce intestinal barrier dysfunction by ROS-mediated epithelial cell apoptosis,1
"Impacts of polystyrene microplastic on the gut barrier, microbiota and metabolism of mice",1
Effects of oral administration of polystyrene nanoplastics on plasma glucose metabolism in mice,1
Uptake and effects of orally ingested polystyrene microplastic particles in vitro and in vivo,1
Long-term polystyrene nanoplastic exposure disrupt hepatic lipid metabolism and cause atherosclerosis in ApoE(-/-) mice,1
Polystyrene nanoparticle exposure accelerates ovarian cancer development in mice by altering the tumor microenvironment,1
Exposure to polystyrene microplastics causes reproductive toxicity through oxidative stress and activation of the p38 MAPK signaling pathway,1
"Continuous oral exposure to micro- and nanoplastics induced gut microbiota dysbiosis, intestinal barrier and immune dysfunction in adult mice",1
Neurotoxic effects of polystyrene nanoplastics on memory and microglial activation: Insights from in vivo and in vitro studies,1
Single-cell RNA-seq analysis decodes the kidney microenvironment induced by polystyrene microplastics in mice receiving a high-fat diet,1
Cationic nanoplastic causes mitochondrial dysfunction in neural progenitor cells and impairs hippocampal neurogenesis,1
Co-exposure to polystyrene microplastics and microcystin-LR aggravated male reproductive toxicity in mice,1
Polystyrene microparticle distribution after ingestion by murine macrophages,1
Oxidized/unmodified-polyethylene microplastics neurotoxicity in mice: Perspective from microbiota-gut-brain axis,1
Polystyrene nanoplastics aggravated dibutyl phthalate-induced blood-testis barrier dysfunction via suppressing autophagy in male mice,1
Microplastic-induced gut microbiota and serum metabolic disruption in Sprague-Dawley rats,1
MicroRNA and Gut Microbiota Alter Intergenerational Effects of Paternal Exposure to Polyethylene Nanoplastics,1
Polystyrene microplastics aggravate inflammatory damage in mice with intestinal immune imbalance,1
Distribution and toxicity of submicron plastic particles in mice,1
The microplastics exposure induce the kidney injury in mice revealed by RNA-seq,1
Toxicity and Biodistribution of Fragmented Polypropylene Microplastics in ICR Mice,1
Polystyrene microplastic-induced oxidative stress triggers intestinal barrier dysfunction via the NF-κB/NLRP3/IL-1β/MCLK pathway,1
Epigallocatechin-3-gallate ameliorates polystyrene microplastics-induced anxiety-like behavior in mice by modulating gut microbe homeostasis,1
Polystyrene bead ingestion promotes adiposity and cardiometabolic disease in mice,1
Chronic toxic effects of polystyrene microplastics on reproductive parameters of male rats,1
Microplastic consumption induces inflammatory signatures in the colon and prolongs a viral arthritis,1
In Vivo Tissue Distribution of Microplastics and Systemic Metabolomic Alterations After Gastrointestinal Exposure,1
Identification of ceRNA network to explain the mechanism of cognitive dysfunctions induced by PS NPs in mice,1
"Effects of Microplastic (MP) Exposure at Environmentally Relevant Doses on the Structure, Function, and Transcriptome of the Kidney in Mice",1
Perturbation of gut microbiota plays an important role in micro/nanoplastics-induced gut barrier dysfunction,1
Polystyrene microplastic-induced extracellular vesicles cause kidney-related effects in the crosstalk between tubular cells and fibroblasts,1
Integrated transcriptomics and metabolomics reveal the mechanism of polystyrene nanoplastics toxicity to mice,1
"Erratum: ""Evaluation of Neurotoxicity in BALB/c Mice following Chronic Exposure to Polystyrene Microplastics""",1
"Hematological consequences of polyethylene microplastics toxicity in male rats: Oxidative stress, genetic, and epigenetic links",1
Polystyrene microplastics exacerbate experimental colitis in mice tightly associated with the occurrence of hepatic inflammation,1
Combined exposure to polyvinyl chloride and polystyrene microplastics induces liver injury and perturbs gut microbial and serum metabolic homeostasis in mice,1
"Oral exposure to polyethylene microplastics alters gut morphology, immune response, and microbiota composition in mice",1
Polystyrene microplastics disrupt the blood-testis barrier integrity through ROS-Mediated imbalance of mTORC1 and mTORC2,1
Analysis of Biodistribution and in vivo Toxicity of Varying Sized Polystyrene Micro and Nanoplastics in Mice,1
Hepatic and metabolic outcomes induced by sub-chronic exposure to polystyrene microplastics in mice,1
Lipidomics and transcriptomics insight into impacts of microplastics exposure on hepatic lipid metabolism in mice,1
Effects of the adsorption behavior of polyamide microplastics on male reproductive health by reduction of testosterone bioavailability,1
Evidence that microplastics aggravate the toxicity of organophosphorus flame retardants in mice (Mus musculus),1
Environmentally Relevant Concentrations of Microplastic Exposure Cause Cholestasis and Bile Acid Metabolism Dysregulation through a Gut-Liver Loop in Mice,1
[Effects of nanopolystyrene nanoplastic exposure on the development and neurotoxicity of fetal rats during gestation],1
Gut microbiota and liver metabolomics reveal the potential mechanism of Lactobacillus rhamnosus GG modulating the liver toxicity caused by polystyrene microplastics in mice,1
Determination of Biological and Molecular Attributes Related to Polystyrene Microplastic-Induced Reproductive Toxicity and Its Reversibility in Male Mice,1
Whole transcriptome sequencing analysis revealed key RNA profiles and toxicity in mice after chronic exposure to microplastics,1
The Potential Mechanisms Involved in the Disruption of Spermatogenesis in Mice by Nanoplastics and Microplastics,1
"In vivo impact assessment of orally administered polystyrene nanoplastics: biodistribution, toxicity, and inflammatory response in mice",1
Microplastics cause reproductive toxicity in male mice through inducing apoptosis of spermatogenic cells via p53 signaling,1
Impact of polystyrene microplastic exposure on lipid profile and oxidative stress status of male and female Wistar rats,1
"Evidence on Invasion of Blood, Adipose Tissues, Nervous System and Reproductive System of Mice After a Single Oral Exposure: Nanoplastics versus Microplastics",1
Repeated-oral dose toxicity of polyethylene microplastics and the possible implications on reproduction and development of the next generation,1
Exposure to Polypropylene Microplastics via Oral Ingestion Induces Colonic Apoptosis and Intestinal Barrier Damage through Oxidative Stress and Inflammation in Mice,1
Combined exposure of polystyrene microplastics and benzo[a]pyrene in rat: Study of the oxidative stress effects in the liver,1
"Correction: Jia et al. Exposure to Polypropylene Microplastics via Oral Ingestion Induces Colonic Apoptosis and Intestinal Barrier Damage through Oxidative Stress and Inflammation in Mice. Toxics 2023, 11, 127",1
The emerging risk of exposure to nano(micro)plastics on endocrine disturbance and reproductive toxicity: From a hypothetical scenario to a global public health challenge,1
"Oral exposure to polystyrene nanoplastics altered the hypothalamic-pituitary-testicular axis role in hormonal regulation, inducing reproductive toxicity in albino rats",1
Integrated transcriptomic and metabolomic analysis reveals the underlying mechanisms for male reproductive toxicity of polystyrene nanoplastics in mouse spermatocyte-derived GC-2spd(ts) cells,1
Polystyrene nanoplastics deteriorate LPS-modulated duodenal permeability and inflammation in mice via ROS drived-NF-κB/NLRP3 pathway,1
Tissue accumulation of microplastics in mice and biomarker responses suggest widespread health risks of exposure,1
Gut Microbiota Participates in Polystyrene Microplastics-Induced Hepatic Injuries by Modulating the Gut-Liver Axis,1
Evaluation of Neurotoxicity in BALB/c Mice following Chronic Exposure to Polystyrene Microplastics,1
Chronic exposure to polystyrene microplastics induced male reproductive toxicity and decreased testosterone levels via the LH-mediated LHR/cAMP/PKA/StAR pathway,1
Underestimated health risks: polystyrene micro- and nanoplastics jointly induce intestinal barrier dysfunction by ROS-mediated epithelial cell apoptosis,1
Maternal exposure to polystyrene nanoplastics causes brain abnormalities in progeny,1
Toxic vascular effects of polystyrene microplastic exposure,1
Oral Exposure to Polystyrene Microplastics of Mice on a Normal or High-Fat Diet and Intestinal and Metabolic Outcomes,1
Prenatal and postnatal exposure to polystyrene microplastics induces testis developmental disorder and affects male fertility in mice,1
Neurotoxic effects of polystyrene nanoplastics on memory and microglial activation: Insights from in vivo and in vitro studies,1
"Effects induced by polyethylene microplastics oral exposure on colon mucin release, inflammation, gut microflora composition and metabolism in mice",1
Oxidative stress mediated by the TLR4/NOX2 signalling axis is involved in polystyrene microplastic-induced uterine fibrosis in mice,1
In Vivo Tissue Distribution of Polystyrene or Mixed Polymer Microspheres and Metabolomic Analysis after Oral Exposure in Mice,1
"Occurrence of microplastics and disturbance of gut microbiota: a pilot study of preschool children in Xiamen, China",1
Ferritinophagy Mediated by Oxidative Stress-Driven Mitochondrial Damage Is Involved in the Polystyrene Nanoparticles-Induced Ferroptosis of Lung Injury,1
Cationic nanoplastic causes mitochondrial dysfunction in neural progenitor cells and impairs hippocampal neurogenesis,1
Microplastic-induced gut microbiota and serum metabolic disruption in Sprague-Dawley rats,1
Oral exposure of polystyrene microplastics and doxycycline affects mice neurological function via gut microbiota disruption: The orchestrating role of fecal microbiota transplantation,1
Biological interactions of polystyrene nanoplastics: Their cytotoxic and immunotoxic effects on the hepatic and enteric systems,1
Distribution and toxicity of submicron plastic particles in mice,1
Nanoplastic-induced vascular endothelial injury and coagulation dysfunction in mice,1
Toxicity of polystyrene nanoplastics and zinc oxide to mice,1
Neuroimmune activation and myelin changes in adolescent rats exposed to high-dose alcohol and associated cognitive dysfunction: a review with reference to human adolescent drinking,0
Development and characterization of an orodispersible film containing drug nanoparticles,0
"An aptasensor for selective, sensitive and fast detection of lead(II) based on polyethyleneimine and gold nanoparticles",0
Determination of bulleyaconitine A in plasma by a sensitive LC-MS/MS method and its application to an oral pharmacokinetic study in rats,0
Influence of the type of surfactant and the degree of dispersion on the lymphatic transport of halofantrine in conscious rats,0
A smart approach to enable preclinical studies in pharmaceutical industry: PLGA-based extended release formulation platform for subcutaneous applications,0
[Rates of cholesterol turnover processes in the transfer space of rat. VI. Influence of bile duct ligation and ingestion of bile acid or cholestyramine],0
PEGylated cholecystokinin prolongs satiation in rats: dose dependency and receptor involvement,0
Effects of cholestyramine and parenteral nutrition on hepatic metabolism of lidocaine: a study using isolated rat liver perfusion,0
Immunotherapeutic potential of collagen V oral administration in mBSA/CFA-induced arthritis,0
Imaging copper metabolism imbalance in Atp7b (-/-) knockout mouse model of Wilson's disease with PET-CT and orally administered 64CuCl2,0
"Size dependent immune response after subcutaneous, oral and intranasal administration of BSA loaded nanospheres",0
[Mucopenetrating nanoparticles: vehicles for the oral administration of paclitaxel],0
A novel ligand conjugated nanoparticles for oral insulin delivery,0
Nanoparticles from Gantrez® AN-poly(ethylene glycol) conjugates as carriers for oral delivery of docetaxel,0
Pharmacokinetics of Quercetin-Loaded Methoxy Poly(ethylene glycol)-b-poly(L-lactic acid) Micelle after Oral Administration in Rats,0
Efficacy of Lychnopholide Polymeric Nanocapsules after Oral and Intravenous Administration in Murine Experimental Chagas Disease,0
Novel polyelectrolyte complexes based on poly(methacrylic acid)-bis(2-aminopropyl)poly(ethylene glycol) for oral protein delivery,0
"[On the acute toxicity of CT-1341, a new steroidal anesthetic agent. (author's transl)]",0
Peppermint oil enhances cyclosporine oral bioavailability in rats: comparison with D-alpha-tocopheryl poly(ethylene glycol 1000) succinate (TPGS) and ketoconazole,0
High oral bioavailability of 2-methoxyestradiol in PEG-PLGA micelles-microspheres for cancer therapy,0
PET imaging predicts future body weight and cocaine preference,0
Response to deep brain stimulation in the lateral hypothalamic area in a rat model of obesity: in vivo assessment of brain glucose metabolism,0
"Assessment of Labrasol/Labrafil/Transcutol (4/4/2, v/v/v) as a non-clinical vehicle for poorly water-soluble compounds after 4-week oral toxicity study in Wistar rats",0
"Preparation, characterization, and in vivo study of rhein-loaded poly(lactic-co-glycolic acid) nanoparticles for oral delivery",0
[Pharmacological research on antiasthmatic liquid for oral administration],0
Nanoemulsions as novel oral carriers of stiripentol: insights into the protective effect and absorption enhancement,0
"A Multistate Investigation of Antibiotic-Resistant Salmonella enterica Serotype I 4,[5],12:i:- Infections as Part of an International Outbreak Associated with Frozen Feeder Rodents",0
"Formulation dependent pharmacokinetics, bioavailability and renal toxicity of a selective cyclooxygenase-1 inhibitor SC-560 in the rat",0
Effects of polysorbate 80 on the in-vitro precipitation and oral bioavailability of halofantrine from polyethylene glycol 400 formulations in rats,0
Targeted delivery of Cyclosporine A by polymeric nanocarriers improves the therapy of inflammatory bowel disease in a relevant mouse model,0
Oral administration of natural polyphenol-loaded natural polysaccharide-cloaked lipidic nanocarriers to improve efficacy against small-cell lung cancer,0
The interaction of various control mechanisms in determining the rate of hepatic cholesterogenesis in the rat,0
Prolonged survival time of allografts by the oral administration of RDP58 linked to the cholera toxin B subunit,0
Pharmacokinetics of aconitine in rat skin after oral and transdermal gel administrations,0
Development and evaluation of viscosity-enhanced nanocarrier (VEN) for oral insulin delivery,0
"The solubility, permeability and the dose as key factors in formulation development for oral lipophilic drugs: Maximizing the bioavailability of carbamazepine with a cosolvent-based formulation",0
Self-assembling PEG-p(CL-co-TMC) copolymers for oral delivery of poorly water-soluble drugs: a case study with risperidone,0
Quantitative determination of unbound levofloxacin by simultaneous microdialysis in rat pancreas after intravenous and oral doses,0
Efficient gene delivery to myocardium with ultrasound targeted microbubble destruction and polyethylenimine,0
Sirolimus oral absorption in rats is increased by ketoconazole but is not affected by D-alpha-tocopheryl poly(ethylene glycol 1000) succinate,0
Evidence that microplastics aggravate the toxicity of organophosphorus flame retardants in mice (Mus musculus),1
Effects of cholestyramine on lipoprotein levels and metabolism in Syrian hamsters,0
Extracellular cold inducible RNA-binding protein mediates binge alcohol-induced brain hypoactivity and impaired cognition in mice,0
Cellular mechanism of oral absorption of solidified polymer micelles,0
Evaluation in vitro and in vivo of curcumin-loaded mPEG-PLA/TPGS mixed micelles for oral administration,0
Beneficial properties for insulin absorption using superporous hydrogel containing interpenetrating polymer network as oral delivery vehicles,0
Subchronic peroral toxicity of triethylene glycol in the Fischer 344 rat,0
Superior transfection efficiency of phagocytic astrocytes by large chitosan/DNA nanoparticles,0
Toxicity of gold nanoparticles complicated by the co-existence multiscale plastics,0
Self-assembled micelles enhance the oral delivery of curcumin for the management of alcohol-induced tissue injury,0
Enhanced oral absorption and therapeutic effect of acetylpuerarin based on D-α-tocopheryl polyethylene glycol 1000 succinate nanoemulsions,0
Enhancement of Oral Bioavailability of Curcumin by a Novel Solid Dispersion System,0
Block and graft copolymers and NanoGel copolymer networks for DNA delivery into cell,0
Sex-Specific Effects of Polystyrene Microplastic and Lead(II) Co-Exposure on the Gut Microbiome and Fecal Metabolome in C57BL/6 Mice,0
[Study on preparation conditions for polylactide nanoparticles loaded cyclosporine A and its oral bioavailability in rats],0
Combined ultrasound-targeted microbubble destruction and polyethylenimine-mediated plasmid DNA delivery to the rat retina: enhanced efficiency and accelerated expression,0
Oral delivery of spray dried PLGA/amifostine nanoparticles,0
Glycyrrhizic acid-based self-assembled micelles for improving oral bioavailability of paeoniflorin,0
Polymeric Nanocarriers With Mucus-Diffusive and Mucus-Adhesive Properties to Control Pharmacokinetic Behavior of Orally Dosed Cyclosporine A,0
Down-regulation of pancreatic growth and gallbladder contractility by bile salts,0
In vivo mutagenicity assessment of styrene in MutaMouse liver and lung,0
"Sensitization to rodents (mouse/rat) in an urban atopic population without occupational exposure living in Naples, Italy",0
The effect of fluorination of zinc oxide nanoparticles on evaluation of their biodistribution after oral administration,0
The effect of the oral administration of polymeric nanoparticles on the efficacy and toxicity of tamoxifen,0
A microparticle/hydrogel combination drug-delivery system for sustained release of retinoids,0
Development and characterization of high affinity leptins and leptin antagonists,0
An efficient nano-based theranostic system for multi-modal imaging-guided photothermal sterilization in gastrointestinal tract,0
Kolliphor surfactants affect solubilization and bioavailability of fenofibrate. Studies of in vitro digestion and absorption in rats,0
Preparation and evaluation of lectin-conjugated PLGA nanoparticles for oral delivery of thymopentin,0
Retinoic acid-polyethyleneimine complex nanoparticles for embryonic stem cell-derived neuronal differentiation,0
The p-Phthalates Terephthalic Acid and Dimethyl Terephthalate Used in the Manufacture of PET Induce In Vitro Adipocytes Dysfunction by Altering Adipogenesis and Thermogenesis Mechanisms,0
Deciphering Gut Microbiome Responses upon Microplastic Exposure via Integrating Metagenomics and Activity-Based Metabolomics,0
The Bile Sequestrant Cholestyramine Increases Survival in a Rabbit Model of Brodifacoum Poisoning,0
The effect of polyethylene glycol by gavage on electrolyte and water excretion in the rat,0
Hemotoxic effects of polyethylene microplastics on mice,0
"The efficiency and mechanism of a new absorption enhancer, malic acid, for enhancing the oral bioavailability of docetaxel",0
Enhanced cellular uptake and biodistribution of a synthetic cannabinoid loaded in surface-modified poly(lactic-co-glycolic acid) nanoparticles,0
Oral administration of visceral adipose tissue antigens ameliorates metabolic disorders in mice and elevates visceral adipose tissue-resident CD4(+)CD25(+)Foxp3(+) regulatory T cells,0
Effect of the oral intake of probiotic Pediococcus acidilactici BA28 on Helicobacter pylori causing peptic ulcer in C57BL/6 mice models,0
Oral delivery system for low molecular weight protamine-dextran-poly(lactic-co-glycolic acid) carrying exenatide to overcome the mucus barrier and improve intestinal targeting efficiency,0
Double-coated poly (butylcynanoacrylate) nanoparticulate delivery systems for brain targeting of dalargin via oral administration,0
Bacterial species to be considered in quality assurance of mice and rats,0
Thai generic-brand dry canine foods: mutagenicity and the effects of feeding in vivo and in vitro,0
Oral and parenteral therapy with saperconazole (R 66905) of invasive aspergillosis in normal and immunocompromised animals,0
"Bioavailability and tissular distribution of docetaxel, a P-glycoprotein substrate, are modified by interferon-alpha in rats",0
Inhibitive effect of cremophor RH40 or tween 80-based self-microemulsiflying drug delivery system on cytochrome P450 3A enzymes in murine hepatocytes,0
Neuron-specific delivery of nucleic acids mediated by Tet1-modified poly(ethylenimine),0
Oral delivery of mono-PEGylated sCT (Lys18) in rats: regional difference in stability and hypocalcemic effect,0
Mucoadhesive polymers with immobilized proteinase inhibitors for oral administration of protein drugs,0
"In vitro and in vivo evaluation of 3D printed sodium alginate/polyethylene glycol scaffolds for sublingual delivery of insulin: Preparation, characterization, and pharmacokinetics",0
Self-Nanoemulsifying Drug Delivery System of Tetrandrine for Improved Bioavailability: Physicochemical Characterization and Pharmacokinetic Study,0
Preparation and evaluation of valsartan by a novel semi-solid self-microemulsifying delivery system using Gelucire 44/14,0
[Comparison of immune response after oral and intranasal immunization with recombinant Lactobacillus casei expressing ETEC F41],0
Biodistribution and gastrointestinal drug delivery of new lipidic multilamellar vesicles,0
Anti-tumor necrosis factor agent PEG-sTNFRI improves the growth hormone/insulin-like growth factor-I system in adjuvant-induced arthritic rats,0
"W1, a Novel Oral Antiplatelet Agent With Less Resistance Than Clopidogrel",0
"Acute oral toxicity evaluation of biodegradable and pH-sensitive hydrogel based on polycaprolactone, poly(ethylene glycol) and methylacrylic acid (MAA)",0
"Development and characterization of oral lipid-based amphotericin B formulations with enhanced drug solubility, stability and antifungal activity in rats infected with Aspergillus fumigatus or Candida albicans",0
Tf ligand-receptor-mediated exenatide-Zn(2+) complex oral-delivery system for penetration enhancement of exenatide,0
Toxicity of Microplastics and Nanoplastics in Mammalian Systems,1
Synergistic effect of PS-MPs and Cd on male reproductive toxicity: Ferroptosis via Keap1-Nrf2 pathway,1
PS-MPs or their co-exposure with cadmium impair male reproductive function through the miR-199a-5p/HIF-1α-mediated ferroptosis pathway,1
Toxicological effects of micro/nano-plastics on mouse/rat models: a systematic review and meta-analysis,1
PET Tracing of Biodistribution for Orally Administered (64)Cu-Labeled Polystyrene in Mice,1
Inhalation toxicity of polystyrene micro(nano)plastics using modified OECD TG 412,0
PS-MPs promotes the progression of inflammation and fibrosis in diabetic nephropathy through NLRP3/Caspase-1 and TGF-β1/Smad2/3 signaling pathways,1
Cytotoxicity and pro-inflammatory effect of polystyrene nano-plastic and micro-plastic on RAW264.7 cells,0
Blood uptake and urine excretion of nano- and micro-plastics after a single exposure,1
Cellular absorption of polystyrene nanoplastics with different surface functionalization and the toxicity to RAW264.7 macrophage cells,0
Results of a 30-day safety assessment in young mice orally exposed to polystyrene nanoparticles,0
Polystyrene nanoplastics dysregulate lipid metabolism in murine macrophages in vitro,0
Polystyrene nanoplastics dysregulate lipid metabolism in murine macrophages in vitro,0
Lactobacilli can attenuate inflammation in mouse macrophages exposed to polyethylene particles in vitro,0
In vitro study on the toxicity of nanoplastics with different charges to murine splenic lymphocytes,0
Nanoplastics and Arsenic Co-Exposures Exacerbate Oncogenic Biomarkers under an In Vitro Long-Term Exposure Scenario,0
In vitro study on the toxicity of nanoplastics with different charges to murine splenic lymphocytes,0
Aged fragmented-polypropylene microplastics induced ageing statues-dependent bioenergetic imbalance and reductive stress: In vivo and liver organoids-based in vitro study,1
Examining the Relationship Between Polystyrene Microplastics and Male Fertility: Insights From an In Vivo Study and In Vitro Sertoli Cell Culture,1
In vitro and in vivo evaluation of poly(methylidene malonate 2.1.2) microparticles behavior for oral administration,0
Cytotoxicity and macrophage cytokine release induced by ceramic and polyethylene particles in vitro,0
Polyethylene and methyl methacrylate particle-stimulated inflammatory tissue and macrophages up-regulate bone resorption in a murine neonatal calvaria in vitro organ system,0
Effect of modification of polystyrene nanoparticles with different bile acids on their oral transport,0
Effects of microplastics (MPs) and tributyltin (TBT) alone and in combination on bile acids and gut microbiota crosstalk in mice,1
"Reduced dietary Ca, Cu, Zn, Mn, and Mg bioavailability but increased Fe bioavailability with polyethylene microplastic ingestion in a mouse model: Changes in intestinal permeability and gut metabolites",1
Polystyrene nanoparticles aggravate the adverse effects of di-(2-ethylhexyl) phthalate on different segments of intestine in mice,1
Polystyrene nanoparticles enhance the adverse effects of di-(2-ethylhexyl) phthalate on male reproductive system in mice,1
Regulatory drinking in the pigeon Columba livia,0
Uterotrophic assay of two concentrations of migrates from each of 23 polystyrenes administered orally (by gavage) to immature female Wistar rats,0
Domestic Environment and Gut Microbiota: Lessons from Pet Dogs,0
Polystyrene microplastics induce kidney injury via gut barrier dysfunction and C5a/C5aR pathway activation,1
Investigation of Needle Characteristics Using an Animal Model for Improved Outcomes in Anterior Chamber Paracentesis,0
Blood uptake and urine excretion of nano- and micro-plastics after a single exposure,1
Assessing micro and nanoplastics toxicity using rodent models: Investigating potential mitochondrial implications,1
Involvement of the enteroaggregative Escherichia coli plasmid-encoded toxin in causing human intestinal damage,0
Evaluation of Seprafilm and amniotic membrane as adhesion prophylaxis in mesh repair of abdominal wall hernia in rats,0
Therapeutic effects of continuous intraarterial antibiotic infusion in preventing pancreatic infection in experimental acute necrotizing pancreatitis,0
Hazard assessment of small-size plastic particles: is the conceptual framework of particle toxicology useful?,1
Functional proteomic analyses of Bothrops atrox venom reveals phenotypes associated with habitat variation in the Amazon,0
Intranasal human-recombinant NGF administration improves outcome in children with post-traumatic unresponsive wakefulness syndrome,0
Pancreatic duct obstruction is an aggravating factor in the canine model of chronic alcoholic pancreatitis,0
Intestinal uptake of polymer microspheres in the rabbit studied with confocal microscopy,0
In vivo tracking of toxic diesel particulate matter in mice using radiolabeling and nuclear imaging,0
Ingestion of plastics by terrestrial small mammals,1
Influence of suture technique on laparotomy wound healing: An experimental study in the rat,0
Hypothalamic Deep Brain Stimulation Influences Autonomic and Limbic Circuitry Involved in the Regulation of Aggression and Cardiocerebrovascular Control in the Gottingen Minipig,0
Studying microplastics: Lessons from evaluated literature on animal model organisms and experimental approaches,0
Alpha-fetoprotein-thymidine kinase-luciferase knockin mice: A novel model for dual modality longitudinal imaging of tumorigenesis in liver,0
Microplastic-induced NAFLD: Hepatoprotective effects of nanosized selenium,1
PET Imaging and Neurohistochemistry Reveal that Curcumin Attenuates Brain Hypometabolism and Hippocampal Damage Induced by Status Epilepticus in Rats,0
Metabolic correlates of toluene abuse: decline and recovery of function in adolescent animals,0
Polystyrene microplastic-induced oxidative stress triggers intestinal barrier dysfunction via the NF-κB/NLRP3/IL-1β/MCLK pathway,1
"Thirty-Third Nordic Meeting of Gastroenterology, Twenty-Fourth Meeting of Endoscopy (SADE), Twelfth Nordic Meeting of Gastrointestinal Motility (SAGIM) and Annual Endoscopy-Gastroenterology Nurses'-Assistants' Meeting, Reykjavik, Iceland, June 9-12, 2001",0
Assessing microplastic as a vector for chemical entry into fish larvae using a novel tube-feeding approach,0
Microplastic-induced gut microbiota and serum metabolic disruption in Sprague-Dawley rats,1
"Microplastics in the Environment: Intake through the Food Web, Human Exposure and Toxicological Effects",0
Application of organoid technology in the human health risk assessment of microplastics: A review of progresses and challenges,0
Ferret Thoracic Anatomy by 2-Deoxy-2-(18F)Fluoro-D-Glucose (18F-FDG) Positron Emission Tomography/Computed Tomography (18F-FDG PET/CT) Imaging,0
"Effect of polystyrene nanoplastics on cell apoptosis, glucose metabolism, and antibacterial immunity of Eriocheir sinensis",0
Consequences of nano and microplastic exposure in rodent models: the known and unknown,1
How much are microplastics harmful to the health of amphibians? A study with pristine polyethylene microplastics and Physalaemus cuvieri,0
Neurotoxicity of Some Environmental Pollutants to Zebrafish,0
Thyroid and parathyroid function disorders induced by short-term exposure of microplastics and nanoplastics: Exploration of toxic mechanisms and early warning biomarkers,1
"MicroRNAs in non-small cell lung cancer: Gene regulation, impact on cancer cellular processes, and therapeutic potential",0
PET/CT Imaging of c-Myc Transgenic Mice Identifies the Genotoxic N-Nitroso-Diethylamine as Carcinogen in a Short-Term Cancer Bioassay,0
The influence of organ temperature on hepatic ischemia-reperfusion injury: A systematic analysis,0
Colitis and colonic mucosal barrier dysfunction,0
Prevention of gastrointentional tumors based on adenomatous polyposis coli gene mutation by dendrite cell vaccine,0
Toxicity of polystyrene nanoplastics and zinc oxide to mice,1
Effect of fibrin sealant on the integrity of colonic anastomoses in rats with faecal peritonitis,0
PET/CT imaging of 3D printed devices in the gastrointestinal tract of rodents,0
MONOCROTALINE PNEUMOTOXICITY IN MICE,0
Where attention falls: Increased risk of falls from the converging impact of cortical cholinergic and midbrain dopamine loss on striatal function,0
Effect of polylactic acid film barrier on intra-abdominal adhesion formation,0
Polylactic Acid Microplastics Do Not Exhibit Lower Biological Toxicity in Growing Mice Compared to Polyvinyl Chloride Microplastics,1
Simulated gastrointestinal digestion of polylactic acid (PLA) biodegradable microplastics and their interaction with the gut microbiota,0
Folate-conjugated pluronic/polylactic acid polymersomes for oral delivery of paclitaxel,0
Efficacy of New Polylactic Acid Nonwoven Fabric as a Hemostatic Agent in a Rat Liver Resection Model,0
The Role of Two-Step Blending in the Properties of Starch/Chitin/Polylactic Acid Biodegradable Composites for Biomedical Applications,0
The Application of Statins in the Regeneration of Bone Defects. Systematic Review and Meta-Analysis,0
Stealth-nanoparticle strategy for enhancing the efficacy of steroids in mice with noise-induced hearing loss,0
Abusive Head Trauma Animal Models: Focus on Biomarkers,0
A resin-modified glass ionomer cement barrier for treating degree II furcation defects: A pilot study in dogs,0
3D-Printing of Hierarchically Designed and Osteoconductive Bone Tissue Engineering Scaffolds,0
The effect of larger than cell diameter polylactic acid surface patterns on osteogenic differentiation of rat dental pulp stem cells,0
Polylactic acid micro/nanoplastic-induced hepatotoxicity: Investigating food and air sources via multi-omics,1
Polylactic acid-based electrospun fiber and hyaluronic acid-valsartan hydrogel scaffold for chronic wound healing,0
A review on the impacts of nanomaterials on neuromodulation and neurological dysfunction using a zebrafish animal model,0
Polycaprolactone/Polylactic Acid Membrane Fails to Prevent Laminectomy-induced Sprouting of CGRP- and SP-immunopositive Nerve Fibres in the Dura mater lumbalis of Rats,0
Enhanced Bone Healing in Critical-Sized Rabbit Femoral Defects: Impact of Helical and Alternate Scaffold Architectures,0
The immune theory of psychiatric diseases: a key role for activated microglia and circulating monocytes,0
Preparation of Polylactic Acid/Glycolic Acid Copolymer Nanoparticles and Its Effect in the Treatment of Diabetes,0
Impact of aging on animal models of Parkinson's disease,0
"Current fluid biomarkers, animal models, and imaging tools for diagnosing chronic traumatic encephalopathy",0
Reduced Burst Release and Enhanced Oral Bioavailability in Shikimic Acid-Loaded Polylactic Acid Submicron Particles by Coaxial Electrospray,0
Evaluation of polylactic acid nanoparticles safety using Drosophila model,0
A Composite Lactide-Mineral 3D-Printed Scaffold for Bone Repair and Regeneration,0
Ferrets as a Novel Animal Model for Studying Human Respiratory Syncytial Virus Infections in Immunocompetent and Immunocompromised Hosts,0
Hydroxyapatite nanowires modified polylactic acid membrane plays barrier/osteoinduction dual roles and promotes bone regeneration in a rat mandible defect model,0
PLA plastic particles disrupt bile acid metabolism leading to hepatic inflammatory injury in male mice,1
The Delivery Materials with Chemotherapy Drugs for Treatment of the Positive Margin in Solid Tumors,0
Evaluation of the 96/4 PLDLLA polymer resorbable lumbar interbody cage in a long term animal model,0
Preliminary Study on Pharmacokinetics and Antitumor Pharmacodynamics of Folic Acid Modified Crebanine Polyethyleneglycol-Polylactic Acid Hydroxyacetic Acid Copolymer Nanoparticles,0
Animal Models for Target Diseases in Gene Therapy - using DNA and siRNA Delivery Strategies,0
Permanent middle cerebral artery occlusion in sheep: a novel large animal model of focal cerebral ischemia,0
A Simple and Sensitive Method to Quantify Biodegradable Nanoparticle Biodistribution using Europium Chelates,0
Development and validation of Alzheimer's Disease Animal Model for the Purpose of Regenerative Medicine,0
Increase of hippocampal glutamate after electroconvulsive treatment: A quantitative proton MR spectroscopy study at 9.4 T in an animal model of depression,0
Generation of a tumor-specific systemic response after intratumoral injection of IL-12 and IL-18-loaded polylactic acid microspheres,0
Validity of Targeting the Ubiquitin Proteasome System in the Establishment of New Animal Models of Parkinson's Disease,0
"Preparation, Characterization, and Cell Uptake of PLGA/PLA-PEG-FA Nanoparticles",0
Experimental fortification of intestinal anastomoses with nanofibrous materials in a large animal model,0
An orally delivered small-molecule formulation with antiangiogenic and anticancer activity,0
Polystyrene microplastics induced female reproductive toxicity in mice,1
Polyethylene nanoplastics cause reproductive toxicity associated with activation of both estrogenic hormone receptor NHR-14 and DNA damage checkpoints in <i>C. elegans</i>,1
Microbiota-mediated metabolic perturbations in the gut and brain of mice after microplastic exposure,1
Inhalation exposure to polystyrene nanoplastics induces chronic obstructive pulmonary disease-like lung injury in mice through multi-dimensional assessment,0
Combined exposure to lead and microplastics increased risk of glucose metabolism in mice via the Nrf2/NF-κB pathway,1
Environmental microplastic accumulation exacerbates liver ischemia-reperfusion injury in rat: Protective effects of melatonin,1
"Exposure to polystyrene particles causes anxiety-, depression-like behavior and abnormal social behavior in mice",1
Identification of ceRNA network to explain the mechanism of cognitive dysfunctions induced by PS NPs in mice,1
Co-exposure of polystyrene microplastics and iron aggravates cognitive decline in aging mice via ferroptosis induction,1
"Polyvinyl chloride microplastics induced gut barrier dysfunction, microbiota dysbiosis and metabolism disorder in adult mice",1
Polyethylene microplastics induced gut microbiota dysbiosis leading to liver injury via the TLR2/NF-κB/NLRP3 pathway in mice,1
Co-exposure with cadmium elevates the toxicity of microplastics: Trojan horse effect from the perspective of intestinal barrier,1
The size-dependence and reversibility of polystyrene nanoplastics-induced lipid accumulation in mice: Possible roles of lysosomes,1
Gastrointestinal Incomplete Degradation Exacerbates Neurotoxic Effects of PLA Microplastics via Oligomer Nanoplastics Formation,1
Exposure to polystyrene microplastics during lactational period alters immune status in both male mice and their offspring,1
Maternal exposure to polyethylene micro- and nanoplastics impairs umbilical blood flow but not fetal growth in pregnant mice,1
Polystyrene microplastics induce an immunometabolic active state in macrophages,0
Polystyrene microplastics induce mitochondrial damage in mouse GC-2 cells,0
Microplastic polyethylene induced inner ear dysfunction in murine model,1
Maternal nanoplastic ingestion induces an increase in offspring body weight through altered lipid species and microbiota,1
To what extent are orally ingested nanoplastics toxic to the hippocampus in young adult rats?,1
Excretion characteristics of nylon microplastics and absorption risk of nanoplastics in rats,1
Protective effect of Cordycepin on blood-testis barrier against pre-puberty polystyrene nanoplastics exposure in male rats,1
"Effects of nano- and microplastics on kidney: Physicochemical properties, bioaccumulation, oxidative stress and immunoreaction",1
Repair mechanism of Yishen Tongluo formula on mouse sperm DNA fragmentation caused by polystyrene microplastics,1
Aged polystyrene microplastics exacerbate alopecia associated with tight junction injuries and apoptosis via oxidative stress pathway in skin,1
Long-term polystyrene nanoparticles exposure reduces electroretinal responses and exacerbates retinal degeneration induced by light exposure,1
Polystyrene microplastics exacerbated liver injury from cyclophosphamide in mice: Insight into gut microbiota,1
Polystyrene microplastics trigger adiposity in mice by remodeling gut microbiota and boosting fatty acid synthesis,1
Microplastic exposure linked to accelerated aging and impaired adipogenesis in fat cells,0
Nanoplastics cause transgenerational toxicity through inhibiting germline microRNA mir-38 in C. elegans,0
"Effect of polystyrene nanoplastics on cell apoptosis, glucose metabolism, and antibacterial immunity of Eriocheir sinensis",0
Oral subacute polypropylene microplastics administration effect on potential immunotoxicity in ICR mice,1
Hepatotoxic of polystyrene microplastics in aged mice: Focus on the role of gastrointestinal transformation and AMPK/FoxO pathway,1
Cyanidin-3-O-glucoside impacts fecal discharge of polystyrene microplastics in mice: Potential role of microbiota-derived metabolites,1
Combined effect of polystyrene microplastics and cadmium on rat blood-testis barrier integrity and sperm quality,1
Melatonin counteracts polyethylene microplastics induced adreno-cortical damage in male albino rats,1
Microplastic-contaminated antibiotics as an emerging threat to mammalian liver: enhanced oxidative and inflammatory damages,1
Blood uptake and urine excretion of nano- and micro-plastics after a single exposure,1
Polystyrene microplastics disrupt the blood-testis barrier integrity through ROS-Mediated imbalance of mTORC1 and mTORC2,1
Long-Term Exposure to Polystyrene Microspheres and High-Fat Diet-Induced Obesity in Mice: Evaluating a Role for Microbiota Dysbiosis,1
Potential Effects of Orally Ingesting Polyethylene Terephthalate Microplastics on the Mouse Heart,1
Co-exposure of arsenic and polystyrene-nanoplastics induced kidney injury by disrupting mitochondrial homeostasis and mtROS-mediated ferritinophagy and ferroptosis,0
Lipidomics and transcriptomics insight into impacts of microplastics exposure on hepatic lipid metabolism in mice,1
"Hematological consequences of polyethylene microplastics toxicity in male rats: Oxidative stress, genetic, and epigenetic links",1
Microplastics and Metabolism: Physiological Responses in Mice Following Ingestion,1
Maternal exposure to polystyrene nanoplastics causes defective retinal development and function in progeny mice by disturbing metabolic profiles,1
Melatonin Alleviates Intestinal Barrier Damaging Effects Induced by Polyethylene Microplastics in Albino Rats,1
Polystyrene nanoplastics accelerate atherosclerosis: Unraveling the impact on smooth muscle cells through KIF15-mediated migration,1
Intestinal permeability and gene expression after polyethylene and polyamide microplastic ingestion in Wistar rats,1
Polystyrene Microplastics Induce Injury to the Vascular Endothelial Through NLRP3-Mediated Pyroptosis,1
"Effects of partial reduction of polystyrene micro-nanoplastics on the immunity, gut microbiota and metabolome of mice",1
Microplastics affect arsenic bioavailability by altering gut microbiota and metabolites in a mouse model,1
Toxicity-based toxicokinetic/toxicodynamic assessment for bioaccumulation of polystyrene microplastics in mice,1
Dietary exposure to polystyrene nanoplastics impairs fasting-induced lipolysis in adipose tissue from high-fat diet fed mice,1
Polystyrene microplastics exacerbate experimental colitis in mice tightly associated with the occurrence of hepatic inflammation,1
Identification of micro- and nanoplastic particles in postnatal sprague-dawley rat offspring after maternal inhalation exposure throughout gestation,0
Co-exposure to polystyrene microplastics and lead aggravated ovarian toxicity in female mice via the PERK/eIF2α signaling pathway,1
Impacts of polypropylene microplastics on lipid profiles of mouse liver uncovered by lipidomics analysis and Raman spectroscopy,1
Disturbed Gut-Liver axis indicating oral exposure to polystyrene microplastic potentially increases the risk of insulin resistance,1
"The impact of microplastics polystyrene on the microscopic structure of mouse intestine, tight junction genes and gut microbiota",1
Nrf2-mediated ferroptosis of spermatogenic cells involved in male reproductive toxicity induced by polystyrene nanoplastics in mice,1
Novel Characterization of Constipation Phenotypes in ICR Mice Orally Administrated with Polystyrene Microplastics,1
Reproductive and metabolic toxic effects of polystyrene microplastics in adult female Wistar rats: a mechanistic study,1
Polyethylene nanoplastics cause reproductive toxicity associated with activation of both estrogenic hormone receptor NHR-14 and DNA damage checkpoints in C. elegans,0
Neurobehavioral assessment of rats exposed to pristine polystyrene nanoplastics upon oral exposure,1
Microplastic-induced inhibition of cell adhesion and toxicity evaluation using human dermal fibroblast-derived spheroids,0
Simulated gastrointestinal digestion of polylactic acid (PLA) biodegradable microplastics and their interaction with the gut microbiota,0
New Sight of Renal Toxicity Caused by UV-Aged Polystyrene Nanoplastics: Induced Ferroptosis via Adsorption of Transferrin,1
Polystyrene nanoplastics induced learning and memory impairments in mice by damaging the glymphatic system,1
Analysis of Biodistribution and in vivo Toxicity of Varying Sized Polystyrene Micro and Nanoplastics in Mice,1
Fragile Guts Make Fragile Brains: Intestinal Epithelial Nrf2 Deficiency Exacerbates Neurotoxicity Induced by Polystyrene Nanoplastics,1
The effect and a mechanistic evaluation of polystyrene nanoplastics on a mouse model of type 2 diabetes,1
Size-dependent transgenerational toxicity induced by nanoplastics in nematode Caenorhabditis elegans,0
Environmentally Relevant Concentrations of Microplastic Exposure Cause Cholestasis and Bile Acid Metabolism Dysregulation through a Gut-Liver Loop in Mice,1
Cellular absorption of polystyrene nanoplastics with different surface functionalization and the toxicity to RAW264.7 macrophage cells,0
Subchronic co-exposure of polystyrene nanoplastics and 3-BHA significantly aggravated the reproductive toxicity of ovaries and uterus in female mice,1
Results of a 30-day safety assessment in young mice orally exposed to polystyrene nanoparticles,1
Polystyrene nanoplastics dysregulate lipid metabolism in murine macrophages in vitro,0
Incineration-Generated Polyethylene Micro-Nanoplastics Increase Triglyceride Lipolysis and Absorption in an In Vitro Small Intestinal Epithelium Model,0
"Tissue distribution of polystyrene nanoplastics in mice and their entry, transport, and cytotoxicity to GES-1 cells",1
"Polystyrene microplastics induce endoplasmic reticulum stress, apoptosis and inflammation by disrupting the gut microbiota in carp intestines",0
Exposure to microplastics leads to a defective ovarian function and change in cytoskeleton protein expression in rat,1
Plastic ingestion by fishing cats suggests trophic transfer in urban wetlands,0
Investigation of nephrotoxicity on mice exposed to polystyrene nanoplastics and the potential amelioration effects of DHA-enriched phosphatidylserine,1
Adverse biological effects of ingested polystyrene microplastics using Drosophila melanogaster as a model in vivo organism,0
Lactating exposure to microplastics at the dose of infants ingested during artificial feeding induced reproductive toxicity in female mice and their offspring,1
"Ingestion of polyethylene microbeads affects the growth and reproduction of medaka, Oryzias latipes",0
Polystyrene nanoplastics aggravates lipopolysaccharide-induced apoptosis in mouse kidney cells by regulating IRE1/XBP1 endoplasmic reticulum stress pathway via oxidative stress,1
Polystyrene microplastics exacerbated the toxicity of okadaic acid to the small intestine in mice,1
Microplastic-induced NAFLD: Hepatoprotective effects of nanosized selenium,1
Determination of no observable effect level of nanoplastics on intestinal flora,1
"Exposure to polystyrene nanoplastics induces an anxiolytic-like effect, changes in antipredator defensive response, and DNA damage in Swiss mice",1
Microplastic co-exposure elevates cadmium accumulation in mouse tissue after rice consumption: Mechanisms and health implications,1
"Polystyrene microplastic particles induced hepatotoxic injury via pyroptosis, oxidative stress, and fibrotic changes in adult male albino rats; the therapeutic role of silymarin",1
Polystyrene may alter the cooperation mechanism of gut microbiota and immune system through co-exposure with DCBQ,0
Gender difference in hepatic AMPK pathway activated lipid metabolism induced by aged polystyrene microplastics exposure,1
Nano polystyrene induced changes in anxiety and learning behaviour are mediated through oxidative stress and gene disturbance in mouse brain regions,1
Nano polystyrene induced changes in anxiety and learning behaviour are mediated through oxidative stress and gene disturbance in mouse brain regions,1
Neurotoxic potential of polystyrene nanoplastics in primary cells originating from mouse brain,1
Perturbation of gut microbiota plays an important role in micro/nanoplastics-induced gut barrier dysfunction,1
Polystyrene nanoplastics aggravate reproductive system damage in obese male mice by perturbation of the testis redox homeostasis,1
Polystyrene microplastics cause cardiac fibrosis by activating Wnt/β-catenin signaling pathway and promoting cardiomyocyte apoptosis in rats,1
Effects of microplastics (MPs) and tributyltin (TBT) alone and in combination on bile acids and gut microbiota crosstalk in mice,1
An assessment of the toxicity of polypropylene microplastics in human derived cells,0
Effects of polystyrene nanoplastic size on zebrafish embryo development,0
Prolonged oral ingestion of microplastics induced inflammation in the liver tissues of C57BL/6J mice through polarization of macrophages and increased infiltration of natural killer cells,1
Tailor-Made Protein Corona Formation on Polystyrene Microparticles and its Effect on Epithelial Cell Uptake,0
Photoaging of polystyrene-based microplastics amplifies inflammatory response in macrophages,0
"Oral exposure to polystyrene nanoplastics altered the hypothalamic-pituitary-testicular axis role in hormonal regulation, inducing reproductive toxicity in albino rats",1
Underestimated health risks: Dietary restriction magnify the intestinal barrier dysfunction and liver injury in mice induced by polystyrene microplastics,1
A comparative study in healthy and diabetic mice followed the exposure of polystyrene microplastics: Differential lipid metabolism and inflammation reaction,1
An end to the controversy over the microscopic detection and effects of pristine microplastics in fish organs,0
Acute exposure to polystyrene nanoplastics induces unfolded protein response and global protein ubiquitination in lungs of mice,1
Fat on plastic: Metabolic consequences of an LDPE diet in the fat body of the greater wax moth larvae (Galleria mellonella),0
Microplastics cause reproductive toxicity in male mice through inducing apoptosis of spermatogenic cells via p53 signaling,1
Activation of FGF signal in germline mediates transgenerational toxicity of polystyrene nanoparticles at predicted environmental concentrations in Caenorhabditis elegans,0
Protocol for acquiring samples to assess the impact of microplastics on immune microenvironments in the mouse intestine,0
The effects of repeated oral gavage on the health of male CD-1 mice,1
Assessing the NLRP3 Inflammasome Activating Potential of a Large Panel of Micro- and Nanoplastics in THP-1 Cells,0
Noxic effects of polystyrene microparticles on murine macrophages and epithelial cells,0
The toxic effects of polystyrene microplastic/nanoplastic particles on retinal pigment epithelial cells and retinal tissue,0
Chronic Nicotine Exposure Alters Metabotropic Glutamate Receptor 5: Longitudinal PET Study and Behavioural Assessment in Rats,0
"Screening for polystyrene nanoparticle toxicity on kidneys of adult male albino rats using histopathological, biochemical, and molecular examination results",1
Efficacy of DHA-enriched phosphatidylserine and its underlying mechanism in alleviating polystyrene nanoplastics-induced hepatotoxicity in mice,1
Mucin2 regulated by Ho1/p38/IL-10 axis plays a protective role in polystyrene nanoplastics-mediated intestinal toxicity,1
How much are microplastics harmful to the health of amphibians? A study with pristine polyethylene microplastics and Physalaemus cuvieri,0
Aged fragmented-polypropylene microplastics induced ageing statues-dependent bioenergetic imbalance and reductive stress: In vivo and liver organoids-based in vitro study,1
"Evidence on Invasion of Blood, Adipose Tissues, Nervous System and Reproductive System of Mice After a Single Oral Exposure: Nanoplastics versus Microplastics",1
Liver Injury Induced by Exposure to Polystyrene Microplastics Alone or in Combination with Cadmium in Mice Is Mediated by Oxidative Stress and Apoptosis,1
Ingestion of polyethylene terephthalate microplastic water contaminants by Xenopus laevis tadpoles negatively affects their resistance to ranavirus infection and antiviral immunity,0
Polystyrene nanoplastics of different particle sizes regulate the polarization of pro-inflammatory macrophages,0
Area postrema lesions increase drinking to angiotensin and extracellular dehydration,0
Arsenic and polystyrene-nano plastics co-exposure induced testicular toxicity: Triggers oxidative stress and promotes apoptosis and inflammation in mice,1
Polystyrene nanoparticles aggravate the adverse effects of di-(2-ethylhexyl) phthalate on different segments of intestine in mice,1
The impact of polystyrene microplastics on cardiomyocytes pyroptosis through NLRP3/Caspase-1 signaling pathway and oxidative stress in Wistar rats,1
Polystyrene nanoparticles enhance the adverse effects of di-(2-ethylhexyl) phthalate on male reproductive system in mice,1
Maternal Polystyrene Microplastic Exposure during Gestation and Lactation Altered Metabolic Homeostasis in the Dams and Their F1 and F2 Offspring,1
Histopathological alterations of the vas deferens in rats exposed to polypropylene mesh,1
Effects of vagotomy on drinking in the rat,0
Combined exposure of nano-titanium dioxide and polystyrene nanoplastics exacerbate oxidative stress-induced liver injury in mice by regulating the Keap-1/Nrf2/ARE pathway,1
Examining the Relationship Between Polystyrene Microplastics and Male Fertility: Insights From an In Vivo Study and In Vitro Sertoli Cell Culture,1
Fucoidan from Cladosiphon okamuranus enhances antioxidant activity and prevents reproductive dysfunction in polystyrene microplastic-induced male rats,1
"Anthropogenic particles in coypu (Myocastor coypus; Mammalia, Rodentia)' faeces: first evidence and considerations about their use as track for detecting microplastic pollution",0
The adverse effects of developmental exposure to polystyrene nanoparticles on cognitive function in weaning rats and the protective role of trihydroxy phenolacetone,1
Identification of reliable reference genes for gene expression studies in mouse models under microplastics stress,1
Single pulmonary nanopolystyrene exposure in late-stage pregnancy dysregulates maternal and fetal cardiovascular function,1
Guinea pig (Cavia porcellus) drinking preferences: do nipple drinkers compensate for behaviourally deficient diets?,0
Targeting to intestinal M cells,0
Generation of Eroded Nanoplastics from Domestic Wastes and Their Impact on Macrophage Cell Viability and Gene Expression,0
Evaluation of subchronic toxicity of pet food contaminated with melamine and cyanuric acid in rats,0
Integrated transcriptomic and metabolomic analysis reveals the underlying mechanisms for male reproductive toxicity of polystyrene nanoplastics in mouse spermatocyte-derived GC-2spd(ts) cells,0
Gastric emptying and intestinal absorption of ingested water and saline by hypovolemic rats,0
